user_id,name,signup_date,age,region,risk_score
user_0,Donald Walker,2024-12-18 04:18:23.078918,39,North,0.231
user_1,Brandon Hall,2024-11-13 21:38:48.058394,38,North,0.318
user_2,Robert Wolfe,2025-04-16 06:19:34.719774,30,West,0.285
user_3,Ashley James,2024-02-25 02:19:17.824609,25,Central,0.044
user_4,Juan Calderon,2025-08-08 22:07:30.462436,25,Central,0.066
user_5,Dylan Miller,2023-10-29 08:56:51.152333,40,North,0.117
user_6,Jacob Clark,2024-12-15 13:23:30.294384,28,East,0.203
user_7,Nicholas Martin,2024-11-26 22:59:17.103806,33,North,0.384
user_8,Austin Gentry,2025-04-13 04:36:48.890093,21,East,0.189
user_9,Patrick Ryan,2024-01-05 08:27:30.960535,43,North,0.181
user_10,Brenda Snyder PhD,2024-06-06 20:16:49.632313,30,Central,0.41
user_11,Kendra Maddox DVM,2024-06-20 14:10:12.962965,36,North,0.09
user_12,Debra Davidson,2025-01-16 19:09:27.011152,45,South,0.309
user_13,Deborah Mason,2025-07-26 09:39:55.950621,28,East,0.166
user_14,Kimberly Osborne,2024-01-12 08:01:49.512027,23,East,0.051
user_15,Elizabeth Brown,2025-06-03 19:13:13.524463,37,South,0.266
user_16,Kim Martinez,2025-04-20 21:09:40.483213,34,East,0.411
user_17,Jenny Lewis,2024-03-30 22:34:29.346810,34,East,0.206
user_18,Michael Brooks,2025-02-07 16:19:33.295901,32,East,0.276
user_19,Daniel Jones,2024-11-12 08:56:01.631465,42,East,0.115
user_20,John Ryan,2024-09-21 10:18:57.208624,44,West,0.149
user_21,Heather Jenkins,2023-12-02 08:19:48.051261,36,Central,0.119
user_22,Rebecca Rodriguez,2023-11-08 17:33:40.256997,37,Central,0.456
user_23,Robert Chase,2025-05-31 20:00:29.183676,38,West,0.183
user_24,Stephanie Martin,2024-08-29 10:56:12.015198,53,South,0.2
user_25,Jordan Henderson,2024-03-31 01:02:11.459480,18,West,0.095
user_26,Nicole Brown,2024-11-05 23:28:15.753588,33,East,0.194
user_27,Cynthia Wilson,2024-11-17 02:00:52.534032,34,North,0.267
user_28,Kevin Mills,2024-12-04 03:18:52.734882,49,North,0.073
user_29,Derek Anderson,2025-01-08 09:40:53.829705,35,East,0.1
user_30,Derek Mahoney,2023-11-17 14:11:38.680731,19,East,0.16
user_31,Roy Warner,2024-06-12 02:52:55.354352,25,South,0.111
user_32,Tara Garcia,2025-01-07 02:21:56.183321,43,Central,0.042
user_33,Douglas Clark,2025-02-28 07:43:22.551889,60,East,0.168
user_34,Terry Williams,2024-09-15 07:15:52.158224,40,North,0.18
user_35,Michael Hoffman,2024-01-18 11:00:31.052765,47,South,0.262
user_36,Lauren Hernandez,2024-10-13 10:46:19.411624,53,East,0.192
user_37,Heather Castro,2025-01-17 01:08:51.978721,25,South,0.394
user_38,Norman Cook,2025-06-05 16:30:58.150878,43,East,0.552
user_39,Ashley Brennan,2024-04-01 03:58:46.282662,27,South,0.154
user_40,Jennifer Ramirez,2024-03-01 10:15:13.220357,35,South,0.497
user_41,Wesley White,2025-07-16 04:34:26.289522,34,North,0.065
user_42,Jessica Joyce,2024-05-26 10:05:44.850290,32,North,0.274
user_43,Kimberly Ball,2023-09-28 11:00:10.647353,42,South,0.159
user_44,Belinda Mccullough,2024-12-06 18:45:34.694720,37,West,0.052
user_45,Kristen Lee,2024-05-12 18:12:01.543206,52,North,0.262
user_46,Joshua Smith,2024-12-01 10:18:40.751334,45,West,0.247
user_47,Rebecca Moyer,2025-01-12 12:53:26.675952,28,North,0.092
user_48,Lisa Davis,2024-04-13 01:27:02.963766,44,South,0.352
user_49,Curtis Johnson,2025-01-10 13:17:16.337347,19,West,0.124
user_50,Joy Mercado,2024-11-28 11:00:52.644921,41,West,0.057
user_51,Matthew Smith,2024-09-07 13:48:05.991704,31,Central,0.085
user_52,Robert Dominguez,2025-03-25 13:00:00.852397,35,South,0.073
user_53,Mary Travis,2024-08-12 00:23:13.589262,43,North,0.022
user_54,Stephanie Manning,2025-05-01 01:42:00.749358,27,West,0.21
user_55,Billy Mitchell,2024-12-09 07:09:49.979837,51,West,0.158
user_56,Chris Reyes,2025-06-13 19:42:30.455968,22,Central,0.265
user_57,Antonio Wall,2024-05-16 01:11:20.843032,51,North,0.055
user_58,Steven Houston,2024-04-23 10:42:09.279401,39,South,0.274
user_59,John Price,2024-09-03 06:26:58.655132,25,Central,0.224
user_60,Ms. Susan Vargas,2025-07-02 09:27:44.448152,30,North,0.19
user_61,Daniel Murphy,2023-11-01 11:55:52.037712,58,North,0.071
user_62,Amy Crane,2024-08-21 17:08:34.019277,35,Central,0.257
user_63,Nicole Herring,2025-03-27 12:17:06.137500,47,East,0.023
user_64,Michael Wang,2024-10-26 07:45:21.261629,28,East,0.324
user_65,Eric Lane,2025-03-25 02:26:01.860994,28,West,0.107
user_66,Sarah Burke,2023-12-07 15:41:09.004312,38,South,0.086
user_67,Jacob Hunter,2024-05-27 11:35:34.960410,18,South,0.055
user_68,Michelle Graham,2024-12-15 11:43:18.202536,32,East,0.413
user_69,Patricia Marshall,2024-12-01 16:59:34.290306,35,Central,0.247
user_70,Stephen Sanchez,2025-05-01 04:25:16.099319,31,North,0.18
user_71,Frederick Freeman MD,2024-05-19 21:54:30.611650,54,East,0.399
user_72,Cheryl Allen,2024-10-20 14:15:43.134086,22,South,0.229
user_73,Michael Torres,2023-12-01 10:56:17.750101,28,West,0.134
user_74,Eric Hall,2024-05-30 17:02:22.996306,33,West,0.177
user_75,Destiny Lawrence,2024-02-08 10:39:53.634910,30,South,0.232
user_76,Eric Erickson,2024-04-21 18:55:24.031600,37,Central,0.362
user_77,Melissa Martinez,2025-08-09 17:56:55.392476,28,North,0.324
user_78,Vincent King,2024-08-27 14:29:00.572174,49,North,0.146
user_79,Benjamin Soto,2025-04-25 03:35:01.007751,47,West,0.281
user_80,Angela Wright,2025-04-17 11:06:04.457302,39,East,0.123
user_81,Courtney Mills,2024-11-24 23:41:28.752807,35,East,0.293
user_82,Theresa Clark,2024-11-27 07:23:32.185778,27,South,0.43
user_83,Jason Norris,2024-10-17 22:23:55.234951,47,North,0.255
user_84,Dennis Moody,2023-11-16 03:12:35.861095,26,South,0.247
user_85,Maria Kerr,2024-07-21 01:48:08.033185,18,West,0.286
user_86,Linda Holloway,2023-11-08 01:10:33.938572,39,South,0.184
user_87,Melissa Bender,2023-12-23 09:08:38.441318,34,South,0.257
user_88,Lindsey Johnson,2025-06-11 07:07:14.490472,48,East,0.195
user_89,Casey Stone,2024-11-03 22:09:27.743720,33,Central,0.172
user_90,Brandon Bailey MD,2024-12-14 22:15:57.624468,35,North,0.243
user_91,Jordan Edwards,2025-04-19 03:51:05.991545,21,East,0.372
user_92,Jennifer Lopez,2024-12-30 22:50:26.666048,47,East,0.119
user_93,Christina Dunn,2024-12-08 08:38:29.676284,36,West,0.342
user_94,Mr. Mark Lloyd,2025-06-05 06:56:25.888715,44,West,0.299
user_95,Ronnie Jimenez,2024-08-15 12:12:37.807000,18,South,0.383
user_96,Juan Reyes,2025-08-13 21:58:20.085255,42,Central,0.085
user_97,Debra Smith,2024-05-22 08:23:22.009635,34,East,0.25
user_98,Juan Daniels,2024-10-08 12:55:41.353249,34,West,0.452
user_99,Mrs. Janet Chase,2025-05-28 09:53:45.923003,23,West,0.241
user_100,Roberta Hughes,2025-03-01 22:11:43.978709,44,Central,0.152
user_101,Jonathan Lawrence,2024-09-08 05:47:50.998558,26,East,0.124
user_102,Brittany Harrison,2024-07-10 10:56:01.555578,24,East,0.373
user_103,Bobby Murphy,2024-12-06 20:30:28.357429,40,Central,0.338
user_104,Michael Mitchell,2024-12-02 19:00:07.516524,32,North,0.086
user_105,Stephanie Williams,2024-08-03 01:28:51.041394,58,East,0.09
user_106,Kylie Sparks,2024-01-07 05:49:10.314467,32,South,0.366
user_107,Michael Jimenez,2024-11-27 05:03:12.114404,25,South,0.306
user_108,Stephanie Marshall,2024-08-14 04:38:55.097950,37,West,0.16
user_109,David Bruce,2024-12-17 20:06:02.784598,27,West,0.086
user_110,Elizabeth Spence DDS,2024-11-02 22:01:56.137573,43,North,0.092
user_111,Sandra Leach,2025-06-26 03:25:30.467212,30,South,0.459
user_112,Mark Oliver,2024-11-25 12:15:19.288579,21,Central,0.323
user_113,Maria Parker,2024-12-10 08:22:32.016340,32,West,0.131
user_114,Carlos Ryan,2025-03-03 20:51:34.237903,35,East,0.084
user_115,Seth Brock,2025-08-04 21:46:00.278975,34,West,0.094
user_116,Holly Gibbs,2025-08-04 19:50:40.927666,35,West,0.212
user_117,Alexander Henson,2023-12-12 04:01:57.590560,27,East,0.19
user_118,Julie Haynes,2024-12-23 22:35:27.420603,37,East,0.132
user_119,Elizabeth Vasquez,2024-01-03 04:26:02.548699,37,East,0.109
user_120,Travis Horton,2024-06-25 12:17:49.787870,45,South,0.084
user_121,Sandra Gilbert,2025-06-08 11:43:17.530692,42,South,0.014
user_122,Ariana Jennings,2025-07-24 02:50:50.096618,38,West,0.099
user_123,Ryan Gibson,2024-02-07 05:32:25.580192,50,Central,0.245
user_124,Justin Jones,2024-03-15 21:20:00.189783,38,West,0.28
user_125,Steven Smith,2024-05-14 10:09:19.813381,38,Central,0.363
user_126,Sean Anderson,2025-04-08 14:48:04.014056,18,South,0.235
user_127,Patrick Fox,2024-01-27 07:54:48.599510,35,East,0.496
user_128,Luis Acosta,2024-08-08 21:28:05.364856,20,South,0.283
user_129,Brian Joseph,2025-05-12 18:56:47.055937,47,Central,0.186
user_130,Michelle James,2024-12-07 14:17:45.749250,43,North,0.059
user_131,Sarah Curtis,2023-12-05 17:54:38.491511,39,South,0.349
user_132,Jennifer Wilcox,2024-07-24 12:41:57.932604,32,West,0.096
user_133,Christian Leblanc,2025-01-05 04:02:38.911184,29,West,0.202
user_134,Laurie Hoffman,2025-04-17 21:38:44.069376,27,Central,0.06
user_135,Heather Lane,2025-08-05 14:49:22.286627,43,North,0.262
user_136,Ryan Richardson,2024-03-02 08:28:01.566837,59,South,0.118
user_137,Vanessa Cardenas,2025-04-14 17:11:17.611998,40,South,0.085
user_138,Melissa Johnson,2024-11-26 20:42:00.729787,50,West,0.128
user_139,Christopher Thomas,2025-07-03 19:00:59.276159,42,Central,0.135
user_140,Amanda Reese,2024-01-04 15:41:54.908726,33,East,0.103
user_141,Angela Williams,2025-03-24 10:21:27.222420,18,West,0.097
user_142,Donald Fischer,2024-09-01 11:16:53.274033,32,South,0.048
user_143,Kyle Smith,2023-10-29 02:06:17.639178,21,Central,0.124
user_144,Donna Wilson,2025-03-17 18:52:54.931221,32,East,0.073
user_145,Michael Mason,2024-01-28 08:16:00.032274,36,Central,0.181
user_146,Blake Edwards,2024-07-28 20:05:04.035650,29,North,0.058
user_147,Robert Montgomery,2023-10-11 21:12:01.653033,23,South,0.097
user_148,Eric Morgan,2024-09-28 07:10:36.375262,47,East,0.019
user_149,Ricardo Bell,2024-10-02 22:50:36.803457,32,West,0.07
user_150,Craig Morrison,2024-03-10 18:36:30.526001,44,North,0.399
user_151,Maria Downs,2025-01-16 09:27:32.736094,27,Central,0.106
user_152,Rebecca Vargas,2024-08-20 17:50:46.226851,32,East,0.128
user_153,Dustin Newman,2023-10-23 14:48:17.859828,37,East,0.062
user_154,Marissa Morris,2024-08-07 07:16:37.752965,38,North,0.099
user_155,Matthew Williams,2025-08-15 09:57:53.439348,26,West,0.036
user_156,Meghan Williams,2024-06-24 15:37:52.459515,18,West,0.317
user_157,Michael Mitchell,2023-11-12 10:38:54.443258,34,East,0.142
user_158,Matthew Bates,2025-06-30 10:28:16.910839,21,Central,0.379
user_159,Carl Warner,2024-12-21 00:40:11.520711,36,West,0.269
user_160,Daniel Meza,2024-06-07 06:23:16.670562,45,West,0.152
user_161,Edward French,2025-08-27 17:41:49.074742,50,South,0.049
user_162,Patricia Lamb,2024-01-18 22:11:32.103489,40,South,0.171
user_163,Jeremy Mitchell,2025-01-13 01:15:31.657072,40,Central,0.141
user_164,Vincent Mueller,2024-03-09 04:30:54.643514,25,South,0.499
user_165,James Rose,2024-08-15 16:06:43.888177,36,North,0.114
user_166,David Davidson,2025-04-10 12:57:19.699230,46,North,0.101
user_167,Brittany Kim,2024-04-05 08:36:23.000062,31,West,0.066
user_168,James Brooks,2025-07-10 01:13:02.684359,41,West,0.465
user_169,Miguel Rogers,2024-05-07 12:08:49.766354,46,West,0.142
user_170,Melissa Taylor,2024-04-15 05:26:55.411872,38,Central,0.18
user_171,Alicia Lewis,2024-12-01 07:30:34.316173,45,Central,0.287
user_172,Eric Williams,2023-12-14 03:47:24.453881,39,Central,0.161
user_173,Michelle Carter,2024-12-12 22:41:35.328310,36,South,0.054
user_174,Kelly Ward,2024-02-05 11:36:05.668116,34,East,0.296
user_175,James Burgess,2023-10-27 18:26:59.493767,43,Central,0.217
user_176,Lori Ingram,2024-05-25 19:13:26.435518,37,South,0.139
user_177,George Day,2023-12-29 17:23:16.757205,36,South,0.344
user_178,Clarence Taylor,2025-08-14 07:37:52.889783,37,North,0.24
user_179,Andrew Mahoney,2023-10-27 23:01:12.285728,35,East,0.081
user_180,Amber Rios,2024-04-14 16:31:44.554018,30,West,0.441
user_181,Michael Richardson,2024-05-21 18:17:27.813179,42,Central,0.079
user_182,Angela Morrison,2025-04-10 11:05:13.539540,34,Central,0.282
user_183,Matthew Parker,2024-05-09 06:37:20.458770,41,North,0.317
user_184,Lisa Graham,2025-02-17 09:25:29.099226,23,Central,0.163
user_185,Meghan Cisneros,2024-06-07 18:22:56.420982,51,East,0.134
user_186,Amanda Hernandez,2024-06-06 22:52:18.341185,28,Central,0.358
user_187,Laura Moreno,2024-06-13 20:40:49.268739,23,West,0.082
user_188,Noah Porter,2024-03-20 02:55:16.673566,37,North,0.063
user_189,Jeremy Davies,2024-03-28 15:26:01.802343,36,East,0.13
user_190,Steven Wallace,2025-05-16 15:52:34.454359,37,Central,0.278
user_191,Krista Roberts,2025-01-07 01:58:19.180564,36,Central,0.071
user_192,Marcia Leon,2025-02-06 21:09:46.757518,29,West,0.568
user_193,Jackie Lara,2023-10-15 16:26:39.992524,26,North,0.092
user_194,Samantha Jones,2024-09-29 12:18:46.854334,40,West,0.106
user_195,Jonathan Oneill,2025-03-18 02:08:46.867455,39,North,0.245
user_196,Hannah Everett,2024-05-10 06:59:15.616499,48,North,0.284
user_197,Krista Martinez,2024-03-20 19:37:34.190605,26,Central,0.248
user_198,Stephanie Morgan,2024-01-25 04:42:45.714654,36,East,0.148
user_199,Angel May,2025-04-27 08:02:45.646393,21,South,0.136
user_200,Stephen Gardner,2024-12-03 05:54:43.816790,34,West,0.201
user_201,Jason Marshall,2025-01-21 15:12:38.996826,39,South,0.402
user_202,Morgan Valencia,2024-05-03 05:33:24.975863,46,Central,0.041
user_203,Derek Wright,2024-05-07 19:23:35.183704,29,North,0.381
user_204,Caitlin Murphy,2024-03-19 04:22:14.822522,20,Central,0.014
user_205,Kathleen Parker,2024-09-10 07:10:16.052344,44,South,0.244
user_206,Cindy Gomez,2024-09-15 07:51:34.916448,41,Central,0.245
user_207,Brian Anderson,2024-04-14 10:26:04.666428,51,West,0.161
user_208,James Hudson,2025-03-15 08:09:47.764241,22,East,0.32
user_209,Lisa Anderson,2025-04-27 09:18:27.821115,34,West,0.193
user_210,Charles Morrison,2024-10-22 00:34:15.980695,41,East,0.257
user_211,Kelly Hernandez,2025-02-08 03:08:00.946775,39,West,0.064
user_212,Katrina Burns,2024-11-16 03:59:02.121480,36,South,0.134
user_213,Michael Whitney,2025-04-20 16:32:52.170199,44,East,0.297
user_214,Paula Lane,2025-08-04 16:29:54.060397,42,South,0.231
user_215,Ashley Smith,2023-10-19 09:19:05.939260,29,East,0.254
user_216,Jonathan Carr,2024-07-12 13:03:25.721707,32,Central,0.237
user_217,Kristina Bolton,2025-02-02 15:43:27.950967,35,West,0.089
user_218,Thomas Peterson,2024-05-04 01:13:41.119438,29,West,0.23
user_219,William Evans,2024-10-22 04:51:17.610414,27,West,0.225
user_220,Mikayla Roberts,2024-10-23 21:13:05.998829,43,Central,0.248
user_221,Regina Roberts,2025-04-22 12:44:20.538723,44,Central,0.505
user_222,Denise Hoffman,2024-02-24 04:00:48.613402,28,East,0.178
user_223,Jason Love,2024-12-17 03:23:16.637103,29,North,0.097
user_224,Tanya Russell,2023-09-30 21:40:40.763649,35,North,0.223
user_225,Dustin Brown,2025-03-09 18:35:02.016496,37,West,0.257
user_226,Taylor Johnson,2024-07-15 23:51:06.252162,30,South,0.53
user_227,Keith Rodriguez,2025-06-02 09:57:19.088336,55,Central,0.315
user_228,Kelly Small,2024-08-10 12:52:07.011892,41,South,0.036
user_229,Mariah Higgins,2024-05-15 21:52:20.307250,22,North,0.1
user_230,Angie Caldwell,2025-04-28 13:31:33.554745,29,South,0.099
user_231,Tiffany Turner,2024-03-10 06:02:24.906833,32,East,0.27
user_232,Bryan Parker,2025-01-24 13:03:46.847749,46,East,0.031
user_233,Teresa Richardson,2025-01-22 19:24:01.748822,34,West,0.042
user_234,Kaitlin Medina,2024-07-14 13:34:00.770644,34,East,0.424
user_235,Heidi Stark,2024-09-29 09:08:08.380243,37,North,0.052
user_236,Kevin Davis,2023-12-17 16:44:29.247929,31,West,0.109
user_237,Elizabeth Johnson,2024-10-22 16:48:01.032882,47,East,0.199
user_238,Arthur Mcknight,2023-10-28 23:57:37.527678,32,South,0.155
user_239,Martin Daniel,2024-01-31 08:19:46.832005,28,North,0.273
user_240,Jamie Miller,2024-08-06 11:09:39.515405,44,South,0.403
user_241,Jenna Anderson DVM,2023-12-19 08:58:25.912127,64,South,0.409
user_242,Kim Morrow,2025-01-11 01:07:34.784429,28,Central,0.375
user_243,Ashley Pacheco,2025-07-14 21:51:46.923946,25,East,0.176
user_244,Kirk Griffin,2024-03-13 20:32:10.382332,37,South,0.294
user_245,Patty Taylor,2024-10-09 08:45:10.161516,39,West,0.349
user_246,Sabrina Young,2024-11-04 18:47:57.824812,38,North,0.323
user_247,Sheryl Buck,2023-11-08 23:21:37.927343,40,East,0.159
user_248,Megan Floyd,2025-08-08 08:14:48.254226,22,North,0.225
user_249,Scott Thomas,2024-03-14 01:36:41.504124,36,Central,0.116
user_250,Kristin Anderson,2024-10-25 05:07:57.501117,20,West,0.056
user_251,Jerry Watson,2024-05-15 14:47:34.521257,22,South,0.071
user_252,Larry Williams,2023-11-02 08:58:44.655898,45,North,0.126
user_253,Christy Lee,2024-04-26 15:37:17.603971,34,East,0.1
user_254,Frank Campbell,2024-07-01 02:33:28.100050,48,Central,0.264
user_255,Stephen Owens,2024-04-30 07:37:02.642647,38,West,0.112
user_256,Dale Edwards,2025-03-13 18:42:38.340466,25,East,0.148
user_257,Lauren Butler,2024-03-27 22:34:44.991229,38,North,0.061
user_258,Melinda Scott,2024-09-11 00:35:12.684773,40,North,0.048
user_259,Katherine Stark,2024-01-23 20:11:01.980385,37,North,0.217
user_260,Ryan Hall,2025-03-15 16:16:03.919756,48,North,0.226
user_261,Joseph Jenkins,2025-01-01 02:08:30.843778,32,South,0.337
user_262,Ashley Davis,2025-04-13 23:28:27.819151,52,South,0.118
user_263,Tyler Stevens,2025-04-06 02:39:28.963972,43,North,0.149
user_264,Juan Brown,2023-12-01 18:27:20.221193,37,East,0.579
user_265,Maria Rivera,2023-11-24 04:38:57.848023,31,South,0.23
user_266,Melinda Ramirez,2024-04-04 04:05:23.641830,33,East,0.042
user_267,Alexis Clark,2024-01-30 21:47:30.544707,38,West,0.228
user_268,Ruben Price,2024-01-19 01:36:20.300023,51,West,0.227
user_269,Rachel Norris,2024-06-22 03:36:29.897925,38,West,0.138
user_270,Ryan Peterson,2023-11-03 21:17:19.102604,32,Central,0.094
user_271,Mark Bowers,2025-08-05 23:35:48.557254,27,West,0.17
user_272,Jessica Frazier,2024-06-02 12:17:49.439241,19,West,0.134
user_273,Angela Moore,2025-04-08 07:05:25.855758,41,Central,0.49
user_274,Ian Nelson,2023-09-30 21:54:34.505202,34,Central,0.067
user_275,Kyle Nguyen,2024-06-01 04:24:25.631966,50,East,0.105
user_276,Misty Hansen,2024-07-13 03:20:46.550790,41,North,0.196
user_277,Johnny Brown,2024-01-02 12:40:56.740791,35,South,0.153
user_278,Michelle Simpson,2024-06-06 05:37:43.267633,38,East,0.11
user_279,Regina Rivera,2024-05-16 23:38:46.894401,24,North,0.174
user_280,James Flores,2024-08-27 19:27:06.712114,40,East,0.56
user_281,Erika Ramirez,2025-08-05 04:08:18.480730,37,North,0.174
user_282,Leslie Gardner,2023-12-16 01:11:50.727875,34,East,0.21
user_283,Michael Fuentes,2024-07-30 09:39:51.240468,23,Central,0.139
user_284,Matthew Espinoza,2024-12-13 21:54:41.390490,34,East,0.145
user_285,Heather Woodard,2024-10-12 02:04:19.954750,59,North,0.145
user_286,Matthew Jackson,2023-12-12 21:14:10.607578,21,Central,0.19
user_287,Adam Green,2025-08-03 17:44:12.922338,40,South,0.181
user_288,Melissa Hernandez,2024-08-16 15:21:59.010656,18,North,0.266
user_289,Ronald Cross,2025-07-03 02:22:24.449478,25,Central,0.242
user_290,Michael Flores,2024-08-25 19:35:09.300025,49,Central,0.136
user_291,Kelli Arnold,2025-07-09 15:58:47.307331,38,East,0.108
user_292,Charlotte Sandoval,2025-04-08 02:03:26.604695,35,East,0.034
user_293,Rhonda Brown,2024-02-18 10:07:11.606064,24,West,0.24
user_294,Brian Lambert,2024-06-09 12:06:24.587385,32,North,0.355
user_295,Ryan Williamson,2024-11-11 11:00:41.396427,34,West,0.188
user_296,Clayton Steele,2023-12-18 20:00:12.711436,38,East,0.083
user_297,Jenny Tucker,2024-11-18 01:23:40.410510,23,South,0.183
user_298,Charles Edwards MD,2024-10-19 23:29:37.920694,52,East,0.209
user_299,Kathleen Cohen,2025-08-02 10:00:07.247812,46,West,0.058
user_300,Andre Juarez,2024-09-03 14:21:05.828271,30,East,0.129
user_301,Kathleen Dixon,2024-10-27 12:00:50.548447,37,Central,0.274
user_302,Holly Carson,2025-03-23 05:23:53.412706,27,South,0.117
user_303,Ashley Greer PhD,2024-10-13 23:35:56.418194,37,East,0.203
user_304,Sean Wilson,2025-05-23 05:27:22.492959,25,North,0.193
user_305,Heather Page,2025-04-17 03:42:53.777520,37,South,0.078
user_306,Linda Jackson,2024-10-30 14:23:10.497034,27,Central,0.075
user_307,Scott Duke,2024-04-16 22:42:05.793033,41,West,0.387
user_308,Sharon Martinez DVM,2025-07-01 20:28:06.867485,44,North,0.239
user_309,Bernard Norton,2024-12-10 01:03:28.054016,26,West,0.298
user_310,Timothy Wood,2024-09-22 10:48:58.313778,18,West,0.239
user_311,Matthew Howard,2025-02-20 06:38:48.788528,37,East,0.124
user_312,Daniel Adams,2024-02-26 20:37:20.312785,29,West,0.348
user_313,Mr. Michael Williams,2024-10-27 20:16:45.913893,43,East,0.255
user_314,Brooke Bryant,2023-10-08 16:17:03.411749,22,North,0.172
user_315,Denise Pena,2024-01-16 15:13:22.069885,35,South,0.043
user_316,Jessica Davis,2025-02-16 19:32:16.412102,52,South,0.027
user_317,Darrell Frazier,2024-08-26 06:24:55.843425,38,South,0.3
user_318,Jennifer Anderson MD,2025-04-21 15:24:53.093281,22,South,0.357
user_319,Shelly May,2024-06-21 08:41:33.304480,47,Central,0.081
user_320,Lori Hernandez,2024-07-31 13:18:36.771944,38,Central,0.179
user_321,Brian Goodwin,2025-05-21 15:50:49.853758,20,West,0.058
user_322,Donald Miller,2024-05-04 13:51:16.947784,31,East,0.203
user_323,Sarah Barrett,2025-03-25 22:14:02.013431,18,East,0.51
user_324,Rebecca Allen,2024-12-22 21:39:57.923173,47,East,0.255
user_325,Bonnie Valencia,2025-08-18 13:33:55.578758,36,Central,0.059
user_326,Dennis Williams,2023-10-08 23:08:39.161972,47,North,0.088
user_327,Kathryn Perry,2024-09-16 03:27:51.501528,46,East,0.108
user_328,Brittany Miller,2024-12-18 22:58:31.559552,49,West,0.176
user_329,Gabriel Willis,2025-08-09 18:15:32.210440,39,Central,0.081
user_330,Jeffrey Chavez,2023-11-06 20:03:24.969830,53,West,0.13
user_331,Casey Smith,2025-01-05 20:22:48.581706,46,East,0.032
user_332,Michelle Jackson,2024-09-27 15:05:06.416217,23,Central,0.097
user_333,Steven Rogers,2025-02-21 16:20:07.770384,45,East,0.135
user_334,Amy Villarreal,2024-09-08 19:33:53.201176,29,East,0.074
user_335,Ashley Yang,2025-06-14 16:34:53.150245,18,North,0.193
user_336,Cassidy Horne,2024-06-08 05:34:05.331369,39,West,0.265
user_337,Denise Miller,2024-07-14 20:28:34.071012,25,Central,0.097
user_338,Vicki Finley,2024-01-30 21:37:16.073364,38,Central,0.092
user_339,Justin Torres,2023-10-02 20:32:38.114321,29,East,0.377
user_340,Yolanda Parsons,2024-06-11 05:48:34.046949,43,East,0.202
user_341,Allison Weaver,2024-01-10 17:49:10.757232,33,South,0.09
user_342,Ashley Moreno,2025-05-13 23:39:04.117194,22,Central,0.028
user_343,Ryan Gutierrez,2023-10-28 00:36:00.701546,26,East,0.182
user_344,Mandy Foster,2024-11-07 02:12:25.263175,26,South,0.16
user_345,Jenna Decker,2025-05-15 07:43:22.019302,32,South,0.251
user_346,Randy Rodriguez,2025-07-19 05:09:30.511039,35,South,0.063
user_347,Randy Hayes,2023-12-20 20:20:17.052069,30,South,0.38
user_348,Elizabeth Bush,2023-11-29 14:40:57.244244,55,East,0.349
user_349,Tracy Foster,2024-01-09 04:07:06.549408,28,West,0.286
user_350,Amanda Sullivan MD,2024-03-27 12:22:09.261007,25,Central,0.049
user_351,Adam Greer,2025-04-12 09:17:46.854443,31,East,0.189
user_352,Michael Pace,2024-02-13 01:29:14.940953,34,East,0.084
user_353,Rhonda Davis,2024-02-12 19:03:13.465303,48,South,0.115
user_354,Jessica Ramsey,2023-11-01 17:52:00.198087,20,East,0.153
user_355,Denise Griffin,2024-06-01 04:53:38.656245,42,Central,0.136
user_356,Amy Ramirez,2024-07-11 20:47:06.777572,26,South,0.314
user_357,Heather Stephens,2025-08-20 07:56:55.228010,29,East,0.17
user_358,Alyssa Cochran,2023-10-15 12:43:41.174062,39,West,0.097
user_359,Matthew Adams,2025-08-09 12:39:06.930468,40,Central,0.248
user_360,Laura Mcgrath,2025-03-15 11:24:25.960577,39,South,0.074
user_361,Suzanne Johnson,2025-04-14 00:11:21.580202,52,North,0.194
user_362,William Keith,2024-10-25 17:17:10.971378,31,North,0.193
user_363,Daniel Fox,2023-11-29 11:56:01.305875,31,North,0.06
user_364,Michael Thomas,2023-11-07 23:47:46.537759,28,North,0.093
user_365,Frank Daugherty,2024-11-10 18:24:03.071673,29,South,0.084
user_366,Wayne Steele,2024-12-25 00:16:37.270175,31,South,0.031
user_367,Tiffany Fry,2023-12-25 11:29:22.489861,35,North,0.276
user_368,Jon Rivera,2024-12-18 08:00:16.248914,46,Central,0.115
user_369,Samantha Santiago,2024-12-15 21:50:11.801873,48,West,0.391
user_370,Hayley Buchanan,2024-02-21 03:40:53.547185,28,North,0.425
user_371,Joshua Garcia,2024-09-06 16:01:40.061732,42,North,0.233
user_372,Ryan Phillips,2024-01-19 05:04:23.521404,32,North,0.08
user_373,James Dennis,2023-11-18 05:59:29.537910,36,West,0.36
user_374,Dr. Michele Reynolds,2024-05-21 00:01:58.821945,34,North,0.136
user_375,Jennifer Spencer,2024-05-16 04:46:23.318929,36,South,0.283
user_376,Kenneth Larsen,2024-03-11 16:07:03.876083,45,Central,0.287
user_377,Lindsay Gonzalez,2024-04-20 14:23:38.228224,25,North,0.19
user_378,Richard Ruiz,2024-08-24 00:00:44.903116,31,North,0.032
user_379,Cathy Mcclure,2023-11-30 02:43:09.982851,39,East,0.297
user_380,Derrick Brown,2024-08-18 00:54:04.071791,33,East,0.216
user_381,Peter Perez,2025-04-15 09:18:24.767282,27,Central,0.242
user_382,Joseph Camacho,2025-04-22 13:12:20.296129,37,West,0.175
user_383,Amanda Duncan,2024-06-29 19:49:53.334449,41,East,0.575
user_384,Dr. Rhonda Martinez,2024-01-26 08:55:41.912097,18,East,0.271
user_385,Brittany Larson,2024-02-15 17:08:24.049100,47,West,0.393
user_386,Kelly Stark,2024-10-17 23:26:24.297913,18,Central,0.098
user_387,Keith Aguilar,2023-12-15 02:10:57.983458,41,West,0.107
user_388,Matthew Armstrong,2025-06-03 05:17:42.673690,28,South,0.186
user_389,Erin Young,2023-10-24 10:33:47.953686,18,West,0.037
user_390,Shannon Cohen,2024-05-02 02:06:01.223124,31,East,0.088
user_391,Jessica Petersen,2023-12-30 09:47:41.544497,62,Central,0.132
user_392,Rodney Figueroa,2024-02-05 22:03:16.654158,31,West,0.099
user_393,Sherry Johnson,2023-12-31 07:02:58.844489,45,East,0.178
user_394,Jesus Hull,2025-05-05 13:25:12.558548,37,North,0.187
user_395,Becky Johnson,2024-09-15 02:30:43.757221,29,Central,0.122
user_396,Deanna Rivas,2024-05-25 09:55:08.447763,51,West,0.358
user_397,Cindy Walker,2025-05-17 08:36:15.509950,18,South,0.212
user_398,Tracy Fleming,2024-09-20 19:36:27.817018,32,South,0.077
user_399,Terri Marquez,2024-03-02 00:29:03.709381,46,East,0.167
user_400,Daniel Turner,2025-05-15 19:01:40.730413,44,East,0.209
user_401,Diane Cohen,2024-10-24 13:31:03.201125,27,South,0.186
user_402,Shannon Green,2025-08-19 14:25:12.518875,29,South,0.343
user_403,Cynthia Brown,2024-02-06 05:11:21.382685,42,East,0.268
user_404,Jason Price,2025-08-25 23:32:30.180993,23,South,0.312
user_405,Karen Shepard,2025-01-20 00:37:14.333905,49,West,0.197
user_406,Robert Hines,2023-12-25 21:30:19.668179,42,North,0.021
user_407,Elizabeth French,2024-06-02 03:25:26.110331,42,West,0.086
user_408,Lauren Oliver,2023-11-03 20:57:40.293155,31,Central,0.27
user_409,Brenda Gonzalez,2023-11-04 03:26:02.042509,33,North,0.128
user_410,Mr. Christopher Walters,2025-03-25 21:45:18.659708,44,South,0.251
user_411,Laura Moore,2024-02-20 22:36:21.142485,30,East,0.129
user_412,Jeffrey Patterson,2023-12-26 22:04:51.037602,30,Central,0.234
user_413,Kiara Smith,2025-06-13 02:33:11.889196,31,Central,0.094
user_414,Carol Colon,2024-06-21 22:38:11.412443,41,Central,0.235
user_415,Heather Lopez,2024-05-24 08:25:47.934607,20,Central,0.064
user_416,William Clark,2023-10-10 16:05:09.000231,41,North,0.321
user_417,Linda Williams,2025-03-20 12:26:56.905055,26,South,0.185
user_418,Michael Harris,2023-12-22 20:23:27.144425,18,North,0.282
user_419,Jennifer Roach,2024-12-06 12:44:50.210303,23,East,0.106
user_420,Paula Decker,2024-09-09 22:19:12.776357,54,East,0.199
user_421,Andrew Crawford,2025-02-01 00:24:39.583800,19,West,0.192
user_422,Brian Andrews,2023-10-06 04:54:24.531895,39,Central,0.128
user_423,David Hall,2025-02-15 02:46:27.180340,33,East,0.048
user_424,Heather Rhodes,2025-05-31 14:11:58.718035,34,Central,0.069
user_425,Amber Christian,2023-12-02 19:38:19.262155,37,East,0.008
user_426,Tina Adams,2024-05-14 11:51:28.982406,37,East,0.355
user_427,James Rivers,2025-04-20 03:21:30.430183,46,East,0.131
user_428,Javier Mercado,2025-01-22 12:52:42.669596,18,South,0.448
user_429,Ashley Pruitt,2025-08-14 20:14:23.069882,30,West,0.126
user_430,Monica Snow,2025-05-23 11:46:47.585738,43,West,0.094
user_431,Angel Green,2023-12-15 09:13:14.495670,40,North,0.215
user_432,Karen Alvarado,2024-07-26 11:24:04.490351,42,West,0.221
user_433,Kathy Harrison,2023-10-05 10:20:16.515440,26,South,0.216
user_434,Donald Hunter,2024-05-08 20:54:42.489070,33,East,0.199
user_435,Scott West,2025-04-10 12:59:24.589837,35,South,0.252
user_436,Justin Smith,2023-12-08 04:09:36.906948,26,Central,0.155
user_437,Anthony Walker,2025-07-23 23:29:03.389950,25,Central,0.078
user_438,Peter Walker,2025-02-09 18:09:50.861809,33,East,0.047
user_439,Brian Prince,2024-10-14 22:04:52.204665,18,South,0.655
user_440,Chelsea Conrad,2023-12-11 04:45:19.761377,36,North,0.105
user_441,Jason House,2025-02-10 08:51:51.695495,43,Central,0.185
user_442,Matthew Blanchard,2025-03-21 03:30:14.506221,62,East,0.078
user_443,Kevin Glass,2024-10-18 19:08:43.774441,38,Central,0.114
user_444,Lisa Morris,2023-12-08 19:28:10.158629,46,Central,0.113
user_445,Tracy Chavez,2024-04-05 22:07:57.388079,26,West,0.443
user_446,Mackenzie Harris,2025-02-06 22:15:35.928087,26,North,0.361
user_447,Erica Wilson,2024-09-14 05:47:04.662040,32,North,0.252
user_448,Adam Rodriguez,2025-06-02 22:17:45.905930,29,Central,0.504
user_449,Paul Martin,2025-01-08 18:33:41.513126,40,Central,0.094
user_450,Heather Chavez,2024-02-17 04:08:06.958272,36,South,0.22
user_451,Cynthia Mueller,2025-02-28 07:39:23.606573,39,South,0.259
user_452,James Butler,2025-01-24 15:52:43.273869,18,West,0.09
user_453,Shannon Ramos,2024-02-16 12:46:29.663971,47,West,0.119
user_454,Michael Lopez,2024-04-20 08:08:40.753214,23,South,0.133
user_455,Dawn Rivera,2023-12-27 09:11:09.860515,27,West,0.177
user_456,Lori Cameron,2024-11-18 09:02:08.301359,46,Central,0.443
user_457,Caitlin Daniels,2024-09-25 22:45:10.841770,26,East,0.052
user_458,Edward Clements,2025-01-03 22:13:50.942515,24,Central,0.07
user_459,David May,2023-12-16 15:13:13.369578,32,South,0.003
user_460,Ashley Scott,2024-06-20 10:01:23.593524,42,Central,0.246
user_461,Katelyn Phillips,2024-09-21 12:53:13.500304,45,North,0.091
user_462,Kimberly Smith,2024-01-22 12:43:52.258760,35,East,0.144
user_463,Ronald Johns,2025-05-04 15:22:12.604144,44,North,0.157
user_464,Amanda Jones,2023-10-13 21:53:35.262479,20,West,0.423
user_465,Jerry Sullivan,2025-06-26 09:38:20.456809,41,Central,0.401
user_466,Mercedes Jones,2025-03-09 19:25:00.085990,26,Central,0.134
user_467,James Guerrero,2025-03-16 07:59:35.550241,28,South,0.173
user_468,Elizabeth Walters,2025-04-07 09:29:31.695928,37,East,0.191
user_469,Shaun Thomas,2025-07-28 21:46:43.884531,38,North,0.121
user_470,Sarah Thomas,2024-02-22 14:11:23.462419,37,West,0.037
user_471,Amy Potter,2025-01-09 06:43:42.874423,41,East,0.114
user_472,Kevin Lynn,2024-03-20 21:00:35.460770,34,Central,0.079
user_473,Stephanie Stewart,2023-12-06 08:28:46.132633,35,South,0.044
user_474,Eugene Patterson,2024-10-27 10:21:32.010973,31,West,0.644
user_475,Margaret Hill,2025-03-30 14:42:38.473830,32,East,0.075
user_476,Katelyn Rodriguez,2024-08-04 05:42:52.127165,40,West,0.167
user_477,Brenda Ryan,2025-05-08 22:23:23.197161,27,Central,0.174
user_478,Robin Riley,2025-05-14 09:25:24.348745,35,South,0.249
user_479,James Vance,2024-12-28 07:45:35.142154,48,South,0.227
user_480,Renee Mendez,2025-01-03 11:12:09.639935,38,South,0.268
user_481,Shelby Thomas,2024-10-27 23:53:46.726263,28,West,0.088
user_482,Daniel Velez,2024-06-12 01:20:13.231874,37,North,0.204
user_483,Amanda Wong,2025-07-01 05:53:48.804426,27,North,0.055
user_484,Jamie Gray,2024-11-05 14:14:38.186834,48,East,0.199
user_485,Terry Black,2024-09-23 04:27:31.087749,46,East,0.229
user_486,Mr. Jonathan Taylor,2024-09-02 07:27:10.433261,43,North,0.129
user_487,Ruth Guerrero,2024-01-15 11:59:10.614856,19,Central,0.206
user_488,Roy Johnson,2024-02-21 20:49:25.273869,41,North,0.024
user_489,Christopher Mullen,2023-11-05 10:32:08.794260,26,South,0.311
user_490,Lawrence Ruiz,2025-07-21 19:20:50.486740,44,Central,0.451
user_491,Catherine Keller,2025-04-05 21:16:26.247018,29,Central,0.211
user_492,Andrea Gray,2025-07-04 08:42:29.404079,36,Central,0.095
user_493,Linda Rich,2024-01-29 13:18:23.760340,25,East,0.379
user_494,Marie Boyd,2025-06-16 13:58:53.364631,38,Central,0.319
user_495,Todd Olson,2025-01-27 23:00:21.618299,24,East,0.356
user_496,Scott Campbell,2024-08-26 12:02:22.015416,18,South,0.083
user_497,Adam Pena,2024-11-05 03:24:44.860922,40,West,0.293
user_498,Krystal Carr,2024-03-28 07:28:07.828947,29,West,0.41
user_499,Cassandra Hansen,2024-10-18 00:17:36.172037,37,East,0.081
